module	version	go_module_sum	download_zip_sha256	download_zip_bytes
github.com/Microsoft/go-winio	v0.6.2	h1:F2VQgta7ecxGYO8k3ZZz3RS8fVIXVxONVUPlNERoyfY=	cd007bdb877a578efde2780bf5dd2f57dd557b5b08c3614597b820d0369ebb0f	158677
github.com/VictoriaMetrics/fastcache	v1.13.3	h1:rBabE0iIxcqKEMCwUmwHZ9dgEqXerg8FRbRDUvC7OVc=	0f48a3a61c1dffdf07ce4192f5827ce99bd65776c47bf528978340640859f23c	24042
github.com/aristanetworks/goarista	v0.0.0-20251201112602-a373d7c9f0d9	h1:sUmkQn9Eg+C0sRvW5jtAYUcfT1OWJf747YIh9MIvpWY=	1ed1ab1abd08ce745bde87fd0e2e3e8fcb51344aaced05d3387c89b9d610738a	727714
github.com/bits-and-blooms/bitset	v1.20.0	h1:2F+rfL86jE2d/bmw7OhqUg2Sj/1rURkBn3MdfoPyRVU=	8d304c7dd66d2e3603fb628411ea42b75436ff5b75ff50f4d8083f039149d7ae	101465
github.com/cespare/xxhash/v2	v2.3.0	h1:UL815xU9SqsFlibzuggzjXhog7bL6oX9BbNZnL2UFvs=	145a26cdc7c49db566017b807c4989ee7f7ddeb569423e9cb99f995fac3621d3	17573
github.com/clipperhouse/displaywidth	v0.10.0	h1:GhBG8WuerxjFQQYeuZAeVTuyxuX+UraiZGD4HJQ3Y8g=	53f240c44559409eab60062f4fcc66cb78ed34d7fd8a6fab998853e43205ef94	75162
github.com/clipperhouse/uax29/v2	v2.6.0	h1:z0cDbUV+aPASdFb2/ndFnS9ts/WNXgTNNGFoKXuhpos=	684a37e245cd36c7a2bfa184ea339dfa1dda3dc828a58e0057147ad8c5531691	315094
github.com/consensys/bavard	v0.1.27	h1:j6hKUrGAy/H+gpNrpLU3I26n1yc+VMGmd6ID5+gAhOs=	16e5e4f2cee0871df9a0169ab748644ad5d841414be114a54eec80dc3cfe20bf	20514
github.com/consensys/gnark-crypto	v0.16.0	h1:8Dl4eYmUWK9WmlP1Bj6je688gBRJCJbT8Mw4KoTAawo=	9d8139313e96347d38a54b344ae992f5a7744ea26a2e6d13e7677c656e03ee73	4177215
github.com/crate-crypto/go-eth-kzg	v1.5.0	h1:FYRiJMJG2iv+2Dy3fi14SVGjcPteZ5HAAUe4YWlJygc=	eb1c98ad99d59b95d3dd96674b6d0f75b1ce8390c97de1d279d38e777b99cf38	18858337
github.com/davecgh/go-spew	v1.1.1	h1:vj9j/u1bqnvCEfJOwUhtlOARqs3+rkHYY13jYWTU97c=	6b44a843951f371b7010c754ecc3cabefe815d5ced1c5b9409fb2d697e8a890d	60320
github.com/deckarep/golang-set	v1.8.0	h1:sk9/l/KqpunDwP7pSjUg0keiOOLEnOBHzykLrsPppp4=	fcbd32794e0ff1a412bd9ed6a9ac6d43f2ff8fd5f15e5c839df06b8283241c0a	21258
github.com/dlclark/regexp2/v2	v2.2.1	h1:mf4KkFUj0gJuarK8P+LgiS+Lit7m9N1yAwEfPbee7R0=	b105eabacfc1b6e0dd48b2220ee985a8047392610ab35dd27956a49dc44dd9cd	897401
github.com/dop251/goja	v0.0.0-20260607120635-348e6bea910d	h1:xbM5U2EvWKkHxzEQJ2DEn20FwolWZahuTnVHr6WL3Q4=	cdb18e19c9a4fbf083cefda5436daf3a9239bba88e02ee7d98a3a992bec30916	480933
github.com/edsrzf/mmap-go	v1.2.0	h1:hXLYlkbaPzt1SaQk+anYwKSRNhufIDCchSPkUD6dD84=	1ec1c0d3b80ad3259bb66e09e8bf2b7e1de2ce0928c8c6d6fcbe982bb00f8d75	10476
github.com/fatih/color	v1.19.0	h1:Zp3PiM21/9Ld6FzSKyL5c/BULoe/ONr9KlbYVOfG8+w=	694b4265dc678e2a65b196371d5a6ec4eed3739f12a16021dcd2f0c1355d0ec6	15646
github.com/gballet/go-libpcsclite	v0.0.0-20250918194357-1ec6f2e601c6	h1:ko+DlyhLqUHpgrvwqs5ybydoGAqjpJQTXpAS7vUqVlM=	57358cb8596701cc71b01a16c4befbf9bb5c46fe733a09d42cef915f2a9e19a2	21299
github.com/go-ole/go-ole	v1.2.6	h1:/Fpf6oFPoeFik9ty7siob0G6Ke8QvQEuVcuChpwXzpY=	95b192df81ca16f0fb7d2d98ff6596d70256d73e49e899c55fabd511fd6768ef	82876
github.com/go-sourcemap/sourcemap	v2.1.3+incompatible	h1:W1iEw64niKVGogNgBN3ePyLFfuisuzeidWPMPWmECqU=	fa2c40bbdd3ab3f45c4ced8c540e23575a11655932861fe262813279d7fc2654	9775
github.com/go-stack/stack	v1.8.1	h1:ntEHSVwIt7PNXNpgPmVfMrNhLtgjlmnZha2kOpuRiDw=	944a204de02272c5718a6819f1f4f6d433a0ef50ca9e737154fceae742694477	10631
github.com/golang/snappy	v1.0.0	h1:Oy607GVXHs7RtbggtPBnr2RmDArIsAefDwvrdWvRhGs=	d712fef567e361d17e879f80ea53ebfdf529185a6bc74a2aa1996133ddd0a930	79639
github.com/google/pprof	v0.0.0-20230207041349-798e818bf904	h1:4/hN5RUoecvl+RmJRE2YxKWtnnQls6rQjjW5oV7qg2U=	136415c25b435c9764189c54967a40c9bc2af9fb444bbf5e79e4aa3cfe925a32	3089862
github.com/google/uuid	v1.6.0	h1:NIvaJDMOsjHA8n1jAhLSgzrAzy1Hgr+hNrb57e+94F0=	d0f02f377217f42702e259684e06441edbf5140dddcc34ba9bea56038b38a6ed	31981
github.com/gorilla/websocket	v1.5.3	h1:saDtZ6Pbx/0u+bgYQ3q96pZgCzfhKXGPqt7kZ72aNNg=	dbbd31dd0f08548c5dc43e4c2f12bbba66abff5252b224b1cd06afbb72783a76	78401
github.com/hashicorp/golang-lru	v1.0.2	h1:dV3g9Z/unq5DpblPpw+Oqcv4dU/1omnb4Ok8iPY6p1c=	175d78ffe7391f3f6369cf58ddb87fc51016ba61f2de25bf4ea3962a0b4a0fac	21801
github.com/holiman/uint256	v1.3.2	h1:a9EgMPSC1AAaj1SZL5zIQD3WbwTuHrMGOerLjGmM/TA=	b3998d6622c0c6053b68d98b05971d7ff0f00f00706cfa4ab30def4f073b6b9c	62568
github.com/huin/goupnp	v1.3.0	h1:UvLUlWDNpoUdYzb2TCn+MuTWtcjXKSza2n6CBdQ0xXc=	df663b90b9b3bf16e1cfa810a6c3dd904993e8c1155dbf65566ce0361f163dce	110666
github.com/influxdata/influxdb1-client	v0.0.0-20220302092344-a9ab5670611c	h1:qSHzRbhzK8RdXOsAdfDgO49TtqC1oZ+acxPrkfTxcCs=	71cde4d7b82c60edcecc528d44eac250071f9720e2e1d6ea279309a36e2a63e5	70844
github.com/jackpal/go-nat-pmp	v1.0.2	h1:KzKSgb7qkJvOUTqYl9/Hg/me3pWgBmERKrTGD7BdWus=	f778f0f492597d7158e2d6abbac3850bdf8a669c296790eba85c95152872ddfb	6553
github.com/klauspost/cpuid/v2	v2.3.0	h1:S4CRMLnYUhGeDFDqkGriYKdfoFlDnMtqTiI/sFzhA9Y=	e6766f75ecfadf12fd045e4bdd9383f2a5bd3f9bd4c88a6db72861c84cf41486	55006
github.com/klauspost/reedsolomon	v1.12.6	h1:8pqE9aECQG/ZFitiUD1xK/E83zwosBAZtE3UbuZM8TQ=	c91513cee48e54dd1ae97230619f11e55dbcee83712cd46c0f47f9a911b16544	605978
github.com/mattn/go-colorable	v0.1.15	h1:+u9SLTRGnXv73cEsnsmoZBom+dMU88B2M0aDcWy0/jY=	221144f51cc5eeda0a72bd7b5832181b94240c1d760bde0b3428895e63e63339	13989
github.com/mattn/go-isatty	v0.0.22	h1:j8l17JJ9i6VGPUFUYoTUKPSgKe/83EYU2zBC7YNKMw4=	aee31e550fcdffd1fc4b8e7e7fa8bb59aa4311f9c0b51893f8c6837f8c3f7f37	9030
github.com/mattn/go-runewidth	v0.0.19	h1:v++JhqYnZuu5jSKrk9RbgF5v4CGUjqRfBm05byFGLdw=	4a99857860b6c26557e6d275d737df8bc29a542cc28fb041d47a417515906876	24585
github.com/mmcloughlin/addchain	v0.4.0	h1:SobOdjm2xLj1KkXN5/n0xTIWyZA2+s99UCY1iPfkHRY=	d780c169bb88f372c8e43c69976cd014bfce952e60e5df27e82f263884f1ab1d	227613
github.com/naoina/go-stringutil	v0.1.0	h1:rCUeRUHjBjGTSHl0VC00jUPLz8/F9dDzYI70Hzifhks=	4cfea6f0ebfecb5e6297f8a6eee0e9ef9fe254883eb75dd6179133995a219c58	7604
github.com/naoina/toml	v0.1.1	h1:PT/lllxVVN0gzzSqSlHEmP8MJB4MY2U7STGxiouV4X8=	8e34d510563d9e8b3f2dbdf0927bf5108b669144bdbe2fda4fcb44e7e2e55268	57962
github.com/olekukonko/cat	v0.0.0-20250911104152-50322a0618f6	h1:zrbMGy9YXpIeTnGj4EljqMiZsIcE09mmF8XsD5AYOJc=	46c56f6186f41d9fac1caf5ab0574d4ef03477ef25ae65250f509947539bde9c	22759
github.com/olekukonko/errors	v1.2.0	h1:10Zcn4GeV59t/EGqJc8fUjtFT/FuUh5bTMzZ1XwmCRo=	9a22e180e093f4097d84b012395ca315420ae6c8703e4aa93b6684c9e948ce6c	96440
github.com/olekukonko/ll	v0.1.6	h1:lGVTHO+Qc4Qm+fce/2h2m5y9LvqaW+DCN7xW9hsU3uA=	d5243fb9874173e37b9d9c736c107c4498dde2d187985d21aaf758e1600e9242	328625
github.com/olekukonko/tablewriter	v1.1.4	h1:ORUMI3dXbMnRlRggJX3+q7OzQFDdvgbN9nVWj1drm6I=	e5a779693c4ce8aa0ada775409c590f6d1ee39b02e13bdc3d68d698dd6e97942	457557
github.com/pborman/uuid	v1.2.1	h1:+ZZIw58t/ozdjRaXh/3awHfmWRbzYxJoAdNJxe/3pvw=	3699aef3b9e0a97863a4a90bf26254d1a6ba03a2b1d4f4d2a5061c4d29d9dd7f	17867
github.com/peterh/liner	v1.2.2	h1:aJ4AOodmL+JxOZZEL2u9iJf8omNRpqHc/EbrK+3mAXw=	e5fd4f6cfd85c7162f41df79f528f941e0a3e45031582e7b2ff2e921b15fbe77	30501
github.com/pkg/errors	v0.9.1	h1:FEBLx1zS214owpjy7qsBeixbURkuhQAwrK5UwLGTwt4=	d4c36b8bcd0616290a3913215e0f53b931bd6e00670596f2960df1b44af2bd07	17866
github.com/prometheus/tsdb	v0.10.0	h1:If5rVCMTp6W2SiRAQFlbpJNgVlgMEd+U2GZckwK38ic=	34e98f0e9ba55e7290774ee40569737745b395e32811e5940d2ed124a20f927c	2454494
github.com/quic-go/qpack	v0.6.0	h1:g7W+BMYynC1LbYLSqRt8PBg5Tgwxn214ZZR34VIOjz8=	3ac037cd1747420bc00bd6a793b4b197a2359fc354de12dc2187477417564914	48205
github.com/quic-go/quic-go	v0.60.0	h1:xcQioE8OM66UQLeUMHltK1CCcOu3JbVB4JAQdDQSB+0=	a48d4e302591fd1b51bec8733f2e7e4e6ed97b369f1139141a55d43f69a7fcbd	972567
github.com/rjeczalik/notify	v0.9.3	h1:6rJAzHTGKXGj76sbRgDiDcYj/HniypXmSJo1SWakZeY=	1e4deb1a7723ed8cff074f6d10299f35f07caf6a90f99ed34f33d0a9cfb1b07a	90824
github.com/rs/cors	v1.11.1	h1:eU3gRzXLRK57F5rKMGMZURNdIG4EoAmX8k94r9wXWHA=	0555d9d0c18079e1d472d83044bf9fb2517626f1027d3d9d527c7a4294978500	18453
github.com/shirou/gopsutil	v3.21.11+incompatible	h1:+1+c1VGhc88SSonWP6foOcLhvnKlUeu/erjjvaPEYiI=	2079d749fb3bd347e9fd10418826ebf0d48ff5c171455060ef7d9bf842ccb8d9	271605
github.com/steakknife/bloomfilter	v0.0.0-20180922174646-6819c0d2a570	h1:gIlAHnH1vJb5vwEjIp5kBj/eu99p/bl0Ay2goiPe5xE=	fb001f6df1197d462e7dfdbeded863aebd85bb904da5075117174a027a1b8cb1	18492
github.com/steakknife/hamming	v0.0.0-20180906055917-c99c65617cd3	h1:njlZPzLwU639dk2kqnCPPv+wNjq7Xb6EfUxe/oX0/NM=	e42bd1bc7073772613c2b4879110dd5330fded46a8cdf9269ff03cb6a82d1108	18082
github.com/syndtr/goleveldb	v1.0.1-0.20220721030215-126854af5e6d	h1:vfofYNRScrDdvS342BElfbETmL1Aiz3i2t0zfRj16Hs=	68a0e0b2969ac85b591fa083b202852bf0eb8a60b303581a4bd68bc0b69d77d8	216310
github.com/templexxx/cpufeat	v0.0.0-20180724012125-cef66df7f161	h1:89CEmDvlq/F7SJEOqkIdNDGJXrQIhuIx9D2DBXjavSU=	c29bd644943d69b238da1936593421373d2db675a0fce54090d1c8b7eab7397b	8398
github.com/templexxx/xor	v0.0.0-20191217153810-f85b25db303b	h1:fj5tQ8acgNUr6O8LEplsxDhUIe2573iLkJc+PqnzZTI=	119ccc114e2df6f926ae41c23faff660d1f74c395c3212a7bad45fa4b0f75f5a	9754
github.com/tjfoc/gmsm	v1.4.1	h1:aMe1GlZb+0bLjn+cKTPEvvn9oUEBlJitaZiiBwsbgho=	ba1f3ccf698a62bcb28c594d995f21587021ad759e777aa64367c8a7332cc10b	287473
github.com/tklauser/go-sysconf	v0.4.0	h1:7H0uAN+7RkwWRaxhYXDLqa5V3LPrJeV8wmD9dRUgPQU=	61e89253bc4d7091170601be12633dc02e94a3bc30470b081a2449944fa18784	95745
github.com/tklauser/numcpus	v0.12.0	h1:NR85qdvHA9pFse3x3weVZ0r0ST8R6l5RHbZrlRaqob4=	56c22a112976df3a4d8db776b41288658070650ae6382ec86d0a32fc07af0276	18724
github.com/xtaci/kcp-go	v5.4.20+incompatible	h1:TN1uey3Raw0sTz0Fg8GkfM0uH3YwzhnZWQ1bABv5xAg=	a08b3b23fad08204d17cde32c39f9f9af7328f9523d46ba62165a41abaa192cb	175153
github.com/yusufpapurcu/wmi	v1.2.4	h1:zFUKzehAFReQwLys1b/iSMl+JQGSCSjtVqQn9bBrPo0=	c2a0a12203162ef8fd6f65e191aac359823d370e113122cbd8e80711ddc9c1f9	16351
github.com/zeebo/blake3	v0.2.4	h1:KYQPkhpRtcqh0ssGYcKLG1JYvddkEA8QwCM/yBqhaZI=	65aaa3487c097fa0140f52041e8e6fe8214c244a29223fd4caaa60986192a08f	111107
go.dedis.ch/protobuf	v1.0.11	h1:FTYVIEzY/bfl37lu3pR4lIj+F9Vp1jE8oh91VmxKgLo=	0082a7dcb26d07bf34c7406006562fea7192edf2aca1c96ff384e88d8e25ff13	41280
golang.org/x/crypto	v0.53.0	h1:QZ4Muo8THX6CizN2vPPd5fBGHyogrdK9fG4wLPFUsto=	90ef99675e16b3e5105a80d93007faaf5de989c21fa5a47339b5062e72320c9e	2265171
golang.org/x/net	v0.55.0	h1:bcvxaJn3e1U6InsFWt1JUq1aSjnRxLzT2rtD2KfkDF8=	21c29cd58b7a02de60a3cb5122d8f59bc3c96d4750f9c1bb77a270a64eb42e61	1759943
golang.org/x/sync	v0.21.0	h1:HLII4xRRTtCRkxYp4HNFF0Js/Og6q2i++KXbg0gHCwM=	ee65459023de7f24836f6e2123144b5329bd0a4d05a87c3c448509378e2e6be7	25686
golang.org/x/sys	v0.46.0	h1:noSf2Fq6F8DBgS+LysIkx7rIExoNHJsxOAtPp4rthXw=	36dc83b6bc5884d260cdbd9d09e597b1eed64d15dfdc374ca6e31aef99d533d7	2022627
golang.org/x/text	v0.38.0	h1:sXmwo9DwP3OK9EZ7PqAdaooSGozfl/3a6/xJcbzPRhE=	be98266212ac63cdc78631ae0ff8f783e0f5e47d9b6094c11ffebe43fd0424b3	7015060
golang.org/x/time	v0.15.0	h1:bbrp8t3bGUeFOx08pvsMYRTCVSMk89u4tKbNOZbp88U=	8cfb20e915fa5d6c3fd264304233f8d71a3385e48a37819239c532ad9da27f84	15014
gopkg.in/natefinch/npipe.v2	v2.0.0-20160621034901-c1b8fa8bdcce	h1:+JknDZhAj8YMt7GC73Ei8pv4MzjDUNPHgQWJdtMAaDU=	bbe7d7542b75798de10ce3e99013c65e7d6d9346bb6a2258a1f501b3f1ea472d	17217
gopkg.in/olebedev/go-duktape.v3	v3.0.0-20210326210528-650f7c854440	h1:SxFAMd+8zfpL/Rk4pgdb8leeZDiL3M/gCWCbBvmLkoE=	ee4f14d9aebe7ecdb39cfee3b69c9c33ffd356b57fa0417c9937e4bf6a431485	998353
gopkg.in/oleiade/lane.v1	v1.0.0	h1:Xs7/GTdnZNGuuXV7z8gTrHoHEeHdCnhuNXm4n0UpxjY=	d6646a3ba27db79d6c8bc725a49a9444a2d665ccb767116f71438a1f568472e9	13096
gopkg.in/satori/go.uuid.v1	v1.2.0	h1:AH9uksa7bGe9rluapecRKBCpZvxaBEyu0RepitcD0Hw=	794cefc3062e09b17f4300eb6b02622ac348af9d368341ff71a655a15884547f	16620
gopkg.in/urfave/cli.v1	v1.20.0	h1:NdAVW6RYxDif9DhDHaAortIu956m2c0v+09AZBPTbE0=	413704688402027dc0f51666bac42152eb1668a73fa0e33858c3d2123c0592e5	72849
rsc.io/tmplfunc	v0.0.3	h1:53XFQh69AfOa8Tw0Jm7t+GV7KZhOi6jzsCzTtKbMvzU=	c4ea1b4df379a9c802247283d5c344ef6c2bdf477018fb52c07e33b876b04189	36239
